scenario,real_rtt_ms,sim_rtt_ms,diff_ms,diff_pct
A,20.749187469482422,21.186656260005567,0.4374687905231447,2.1083658874188056
B,100.73881149291992,102.06788323006019,1.3290717371402678,1.319324416720637
C,200.68798065185547,201.9931142397785,1.3051335879230237,0.6503297226290352
